from,subject,email_body
patti.watson@outlook.com,Dinner Party Invite,"Dear friends,      
Patti Young, Carol Gradziel and I would like to invite you for dinner at 6:30 pm on Saturday November 10th.The location is at my house at 3421 Plumb in West University Place. Dress is very casual. RSVP atkinsonprop@aol.com or call 713-665-3532.
Look forward  to seeing all of you.
Your friend,
Ralph Atkinson
"
sarah.lee@outlook.com,Interview Scheduled,"Hi Amy, 
Thank you for applying to Microsoft. We'd like to schedule an interview with you for the position of Marketing Manager. The interview will be held on March 17, 2023 at 2:00pm EST. Please prepare for a 30-minute conversation with our team. We look forward to meeting you. 
Best, 
Sarah 
Senior Recruiter, Microsoft 
987-654-3210 
sarah.lee@outlook.com 
122 5th Ave, New York, NY 10003"
sara.alvarez@gmail.com,New Credit Card,"Hi Alejandro,

I've received your new credit card in the mail and wanted to confirm your updated card details:

Card Number: 5425 2334 3010 9903
Expiration Date: 12/22
CVV: 713

Please let me know if you have any questions.

Best,
Sara Alvarez
sara.alvarez@gmail.com
901-555-0375
1234 Main St, San Francisco, CA 94111"
alice.kim@gmail.com,Birthday Greeting,"Happy Birthday, Bob!

I hope you have a wonderful day filled with joy, love, and happiness. I'll make sure to send you a birthday card in the mail. Let's grab lunch together next week to celebrate. Looking forward to your reply.

Best,
Alice

878-555-0275"
christopher.liu@icloud.com,Order confirmation,"Hi Grace,

Thank you for your order! Here's a breakdown of your purchase:

Item: Widget A
Quantity: 2
Price per item: $25
Total cost: $50

Item: Widget B
Quantity: 1
Price per item: $40
Total cost: $40

Your total order cost: $90
Your order number: ORD12345

Payment method: Credit Card
Your credit card number: 2222 4200 0000 1113
Your order will be shipped on 2022-12-15 and will arrive by 2022-12-20.
Your order will be shipped to: 69 East Putnam Ave, Greenwich, CT 06830

Thank you for choosing WidgetCo! Let me know if you have any questions.

Best,
Chris"
JohnGoldman@enron.com,"NDA - Carr Futures, Inc.","At the request of Dan Diamond, I am attaching our proposed form of  Non-Disclosure Agreement.
If the enclosed meets with your approval, please  execute the agreement and return it to me via fax no.
(713) 646-3490.
I will  then have it executed by an officer of EnronOnline.
If you have any comments  or questions please do not hesitate to call me at (713) 853-3399, or Mark  Greenberg, Senior Counsel, at (713) 345-8897.
We look forward to hearing  from you.
"
wendypatterson@amazon.com,Correcting W-2,"Hi Alice,
Sorry for the confusion. I must have made a typo when filling out my W-2 this year. My actual social security number is 098-15-1352.
Thanks,
Wendy"